"['whats', 'outfit', 'tonight', 'streaming', 'everywhere', 'link', 'bio', 'saturday', 'weekend', 'sexpositive', 'weekendmood', 'deephouse', 'techhouse', 'spotify', 'theeveningafter', 'lifestyle', 'fashiontrends', 'styleblogger', 'fashioninspo', 'fashion', 'style', 'model', 'painting', 'makeup', 'fashionblogger', '']"
"['festive', 'feather', 'fashion', 'fashionable', 'fashionaddict', 'fashionblogger', 'fashionbloggers', 'fashiongram', 'fashionicon', 'fashioninspo', 'fashionista', 'fashionistas', 'fashionlove', 'fashionlovers', 'fashionpost', 'fashionstyle', 'fashiontrends', 'feather', 'festive', 'insta', '']"
"['classic', 'cloud', 'slide', 'comfiest', 'shoe', 'around', 'shop', 'kat', 'cloud', 'slide', 'today', 'yoru', 'fave', 'color', 'minimal', 'heel', 'fashionrevolution', 'black', 'fashiontrends', 'summerfashion', 'fashioninspo', 'vintagefashion', 'glamour', 'cloudshoes', 'slipper', '']"
"['trendiest', 'knitwear', 'netaporter', 'fashiontrends', 'via', 'youtube', 'knitwear', 'sweater', 'netaporter', 'fashiontrends']"
"['like', 'celio', 'cool', 'funloving', 'smart', 'one', 'trendy', 'fashiontrends', 'lookatme', '']"
"['whats', 'outfit', 'tonight', 'streaming', 'everywhere', 'link', 'bio', 'saturday', 'weekend', 'sexpositive', 'weekendmood', 'deephouse', 'techhouse', 'spotify', 'theeveningafter', 'lifestyle', 'fashiontrends', 'styleblogger', 'fashioninspo', 'fashion', 'style', 'model', 'painting', 'makeup', 'fashionblogger', '']"
"['acelitt', 'woman', 'short', 'sleeve', 'v', 'neck', 'button', 'belted', 'fashionstylist', 'woman', 'jewellry', 'womanfashion', 'clothe', 'clothes', 'fashion', 'fashionblogger', 'womenstyle', 'fashiontrends', 'amazonseller', 'amazondeals', 'amazonbestseller', 'amazonprime', 'accessory', 'accessory', 'usa']"
"['visual', 'adventure', 'festive', 'season', 'celebration', 'fashion', 'shopping', 'fashiontrends', 'shoppingideas', 'brighterthanever', 'jimsarbh', 'manushichhillar', 'shantanum07', 'zaedenmusic', 'amitkothari', 'hm', 'hmindia', 'hmhome', 'myntra', 'madeinindia', 'oh_women', '']"
"['80', 'jewelry', 'com', 'dress', 'clothes', 'clothesline', 'fashionstylist', 'woman', 'jewelrydesigner', 'jewelrydesign', 'fashion', 'fashionblogger', 'fashioninspiration', 'womenstyle', 'fashiontrends', 'accessory', 'accessory', 'jewellry', 'usa', 'ebay', 'ebaystore']"
"['prettygarden', 'woman', 'two', 'piece', 'tracksuit', 'fashionstylist', 'woman', 'jewellry', 'womanfashion', 'clothe', 'clothes', 'fashion', 'fashionblogger', 'womenstyle', 'fashiontrends', 'amazonseller', 'amazondeals', 'amazonbestseller', 'amazonprime', 'accessory', 'accessory', 'usa']"
"['80', 'dress', 'clothes', 'clothesline', 'fashionstylist', 'woman', 'jewelrydesigner', 'jewelrydesign', 'fashion', 'fashionblogger', 'fashioninspiration', 'womenstyle', 'fashiontrends', 'accessory', 'accessory', 'jewellry', 'usa', 'ebay', 'ebaystore']"
"['15', 'chanel', 'jewelry', 'dress', 'clothes', 'clothesline', 'fashionstylist', 'woman', 'jewelrydesigner', 'jewelrydesign', 'fashion', 'fashionblogger', 'fashioninspiration', 'womenstyle', 'fashiontrends', 'accessory', 'accessory', 'jewellry', 'usa', 'ebay']"
"['girocollo', 'charm', 'stelle', 'vestopazzo', 'anticamerceriarinaldi', 'idearegalo', 'theperfectgift', 'rosegold', 'idearegalo', 'shoppingtime', 'styleoftheday', 'picoftheday', 'forsale', 'branding', 'fashiontrends', 'bijou', 'thelifeisanadventure', 'ilmondodentro', 'madewithlove', '']"
"['must', 'season', 'shoe', 'musthave', 'fashionstyle', 'fashiontrends', 'shoesaddict', 'loafer', 'pfw', 'nyfw', '']"
"['azorte', 'woman', 'coords', 'dress', 'classic', 'vibrant', 'colour', 'head', 'toe', 'flaunt', 'fun', 'side', 'coords', 'womensfashion', 'forfashionfirsts', 'fashionneostore', 'fashion', 'style', 'fashiontrends', '']"
"['life', 'short', 'anything', 'happy', 'fashiontrends', 'ootdfashion', 'boutique', 'online', 'fashioninspo', 'retailtherapy', 'outfit', 'outfitinspo', 'onlineshopping', 'fashion', 'fashiondaily', 'womensfashion', 'coachmalaysia', 'malaysianps', 'handbagcoachmalaysia', '']"
"['boutique', 'clothing', 'australia', 'punjaban', 'designer', 'boutique', 'shop', 'call', 'u', '91', '8054555191', 'call', 'u', '91', '8699971142', 'fashionstyle', 'fashion', 'intimatewedding', 'indianfashion', 'indianfashionstore', 'fashiontrends']"
"['catch', 'flight', '1019', 'holla', 'squad', 'discount', 'need', 'clothing', 'clothingstore', 'clothingbrand', 'fashionstyle', 'fashion', 'fashiondesigner', 'fashiontrends', 'fashionblogger', 'fashionaddict', 'fashionblog', 'glamour', 'glamourmodel', 'elegant', 'elegance', '']"
"['catch', 'flight', '1019', 'holla', 'squad', 'discount', 'need', 'clothing', 'clothingstore', 'clothingbrand', 'fashionstyle', 'fashion', 'fashiondesigner', 'fashiontrends', 'fashionblogger', 'fashionaddict', 'fashionblog', 'glamour', 'glamourmodel', 'elegant', 'elegance', '']"
"['catch', 'flight', '1019', 'holla', 'squad', 'discount', 'need', 'clothing', 'clothingstore', 'clothingbrand', 'fashionstyle', 'fashion', 'fashiondesigner', 'fashiontrends', 'fashionblogger', 'fashionaddict', 'fashionblog', 'glamour', 'glamourmodel', 'elegant', 'elegance', '']"
"['get', 'sweaty', 'streaming', 'everywhere', 'link', 'bio', 'saturday', 'weekend', 'weekendvibes', 'happysatuday', 'sexpositive', 'weekendmood', 'saturdayvibes', 'saturdaynight', 'deephouse', 'techhouse', 'spotify', 'theeveningafter', 'lifestyle', 'fashiontrends', 'fashioninspo', 'fashion', 'style', 'model', 'painting', '']"
"['would', 'style', 'taylor', 'swift', 'part', '4', 'fashiontrends', 'taylorswift', 'tay', 'via', 'youtube', 'fashion', 'taylorswift']"
"['check', 'u', '2772', 'free', 'shipping', 'u', '2772', 'ootd', 'womenstyle', 'fashiontrends', 'newcollection', 'tshirtstore', 'streetstyle', '']"
"['catch', 'flight', '1019', 'holla', 'squad', 'discount', 'need', 'clothing', 'clothingstore', 'clothingbrand', 'fashionstyle', 'fashion', 'fashiondesigner', 'fashiontrends', 'fashionblogger', 'fashionaddict', 'fashionblog', 'glamour', 'glamourmodel', 'elegant', 'elegance', '']"
"['catch', 'flight', '1019', 'holla', 'squad', 'discount', 'need', 'clothing', 'clothingstore', 'clothingbrand', 'fashionstyle', 'fashion', 'fashiondesigner', 'fashiontrends', 'fashionblogger', 'fashionaddict', 'fashionblog', 'glamour', 'glamourmodel', 'elegant', 'elegance', '']"
"['catch', 'flight', '1019', 'holla', 'squad', 'discount', 'need', 'clothing', 'clothingstore', 'clothingbrand', 'fashionstyle', 'fashion', 'fashiondesigner', 'fashiontrends', 'fashionblogger', 'fashionaddict', 'fashionblog', 'glamour', 'glamourmodel', 'elegant', 'elegance', '']"
"['catch', 'flight', '1019', 'holla', 'squad', 'discount', 'need', 'clothing', 'clothingstore', 'clothingbrand', 'fashionstyle', 'fashion', 'fashiondesigner', 'fashiontrends', 'fashionblogger', 'fashionaddict', 'fashionblog', 'glamour', 'glamourmodel', 'elegant', 'elegance', '']"
"['catch', 'flight', '1019', 'holla', 'squad', 'discount', 'need', 'clothing', 'clothingstore', 'clothingbrand', 'fashionstyle', 'fashion', 'fashiondesigner', 'fashiontrends', 'fashionblogger', 'fashionaddict', 'fashionblog', 'glamour', 'glamourmodel', 'elegant', 'elegance', 'newyork', '']"
"['catch', 'flight', '1019', 'holla', 'squad', 'discount', 'need', 'clothing', 'clothingstore', 'clothingbrand', 'fashionstyle', 'fashion', 'fashiondesigner', 'fashiontrends', 'fashionblogger', 'fashionaddict', 'fashionblog', 'glamour', 'glamourmodel', 'elegant', 'elegance', '']"
"['catch', 'flight', '1019', 'holla', 'squad', 'discount', 'need', 'clothing', 'clothingstore', 'clothingbrand', 'fashionstyle', 'fashion', 'fashiondesigner', 'fashiontrends', 'fashionblogger', 'fashionaddict', 'fashionblog', 'glamour', 'glamourmodel', 'elegant', 'elegance', '']"
"['catch', 'flight', '1019', 'holla', 'squad', 'discount', 'need', 'clothing', 'clothingstore', 'clothingbrand', 'fashionstyle', 'fashion', 'fashiondesigner', 'fashiontrends', 'fashionblogger', 'fashionaddict', 'fashionblog', 'glamour', 'glamourmodel', 'elegant', 'elegance', '']"
"['catch', 'flight', '1019', 'holla', 'squad', 'discount', 'need', 'clothing', 'clothingstore', 'clothingbrand', 'fashionstyle', 'fashion', 'fashiondesigner', 'fashiontrends', 'fashionblogger', 'fashionaddict', 'fashionblog', 'glamour', 'glamourmodel', 'elegant', 'elegance', 'newyork', '']"
"['catch', 'flight', '1019', 'holla', 'squad', 'discount', 'need', 'clothing', 'clothingstore', 'clothingbrand', 'fashionstyle', 'fashion', 'fashiondesigner', 'fashiontrends', 'fashionblogger', 'fashionaddict', 'fashionblog', 'glamour', 'glamourmodel', 'elegant', 'elegance', '']"
"['catch', 'flight', '1019', 'holla', 'squad', 'discount', 'need', 'clothing', 'clothingstore', 'clothingbrand', 'fashionstyle', 'fashion', 'fashiondesigner', 'fashiontrends', 'fashionblogger', 'fashionaddict', 'fashionblog', 'glamour', 'glamourmodel', 'elegant', 'elegance', '']"
"['catch', 'flight', '1019', 'holla', 'squad', 'discount', 'need', 'clothing', 'clothingstore', 'clothingbrand', 'fashionstyle', 'fashion', 'fashiondesigner', 'fashiontrends', 'fashionblogger', 'fashionaddict', 'fashionblog', 'glamour', 'glamourmodel', 'elegant', 'elegance', '']"
"['catch', 'flight', '1019', 'holla', 'squad', 'discount', 'need', 'clothing', 'clothingstore', 'clothingbrand', 'fashionstyle', 'fashion', 'fashiondesigner', 'fashiontrends', 'fashionblogger', 'fashionaddict', 'fashionblog', 'glamour', 'glamourmodel', 'elegant', 'elegance', '']"
"['catch', 'flight', '1019', 'holla', 'squad', 'discount', 'need', 'clothing', 'clothingstore', 'clothingbrand', 'fashionstyle', 'fashion', 'fashiondesigner', 'fashiontrends', 'fashionblogger', 'fashionaddict', 'fashionblog', 'glamour', 'glamourmodel', 'elegant', 'elegance', 'newyork', '']"
"['smile', 'fashion', 'fashionable', 'fashionaddict', 'fashionblogger', 'fashionbloggers', 'fashiongram', 'fashionicon', 'fashioninspo', 'fashionista', 'fashionistas', 'fashionlove', 'fashionlovers', 'fashionpost', 'fashionstyle', 'fashiontrends', 'instafashion', 'smile', '']"
"['woman', 'long', 'sleeve', 'crop', 'top', 'womensstyle', 'fashiondaily', 'fashiontrends', 'womensfashionstyle', 'womenstyleguide', 'croptop', 'streetstyleinspiration', 'streetwearfashions', 'comfortstyle', 'leisurewear', '']"
"['startup', 'founder', 'nisarga', 'kadam', 'yasmeen', 'collins', 'aim', 'utilize', 'power', 'artificialintelligence', 'inform', 'current', 'fashiontrends', 'help', 'inventpennstate', 'summer', 'founder', 'program', 'aimadethis', 'making', 'aigenerated', 'clothing', 'reality', '']"
"['revenge', 'eleanor', 'coat', 'shop', 'secure', 'checkout', 'free', 'shipping', 'worldwide', 'fashionista', 'fashiontrends', 'fashionstyle', 'fashionblogger', 'fashionclothing', 'fashioncoat', 'coatshopping', 'latestcoat', 'coattrend', 'celebsjacket', 'dorevenge', 'eleanorcoat', 'orangecoat', '']"
"['revenge', 'eleanor', 'jacket', 'shop', 'secure', 'checkout', 'free', 'shipping', 'worldwide', 'fashionista', 'fashiontrends', 'fashionstyle', 'fashionblogger', 'fashionclothing', 'fashionjacket', 'jacketshopping', 'latestjacket', 'jackettrend', 'dorevenge', 'blue', 'bomberjacket', 'eleanorjacket', '']"
"['even', 'first', 'record', 'ep', 'take', 'completely', 'vibe', 'streaming', 'everywhere', 'link', 'bio', 'saturday', 'weekend', 'happysatuday', 'sexpositive', 'weekendmood', 'deephouse', 'techhouse', 'spotify', 'theeveningafter', 'fashiontrends', 'fashioninspo', 'fashion', 'model', '']"
"['revenge', 'max', 'jacket', 'shop', 'secure', 'checkout', 'free', 'shipping', 'worldwide', 'fashionista', 'fashiontrends', 'fashionstyle', 'fashionblogger', 'fashionclothing', 'fashionjacket', 'fashionnova', 'jacketshopping', 'latestjacket', 'jackettrend', 'dorevenge', 'maxjacket', 'yellowjacket', '']"
"['revenge', 'drea', 'leather', 'jacket', 'shop', 'secure', 'checkout', 'free', 'shipping', 'worldwide', 'fashiontrends', 'fashionstyle', 'fashionblogger', 'fashionclothing', 'fashionjacket', 'fashionnova', 'jacketshopping', 'latestjacket', 'jackettrend', 'dorevenge', 'genuineleatherjacket', '']"
"['get', 'olderpais', 'sound', 'way', 'better', 'bend', 'new', 'pinchofpretty', 'fashionideas', 'fashioninfluencing', 'fashiontrends', 'october', 'thetrendz', 'style', 'ootdstyle', '']"
"['live', 'style', 'autumn', 'sale', 'shop', 'womensfashion', 'womenstyle', 'womenempoweringwomen', 'womeninspiringwomen', 'fashion', 'fashionstyle', 'fashiondesigner', 'fashionnova', 'fashionweek', 'fashiontrends', 'cothingbrand', 'shoponline', '']"
"['palm', 'beach', 'beach', 'fashion', 'fashionable', 'fashionaddict', 'fashionblogger', 'fashionbloggers', 'fashiongram', 'fashionicon', 'fashioninspo', 'fashionista', 'fashionistas', 'fashionlove', 'fashionlovers', 'fashionpost', 'fashionstyle', 'fashiontrends', 'instafashion', 'palm', '']"
"['azorte', 'shop', 'trendy', 'indian', 'wear', 'collection', 'visit', 'azorte', 'store', '1mg', 'lido', 'mall', 'mg', 'road', 'bengaluru', 'detail', 'call', '8147579347', 'staff', 'fully', 'vaccinated', 'safe', 'hygienic', 'forfashionfirsts', 'fashionneostore', 'fashion', 'style', 'fashiontrends', 'indianwear', '']"
"['naira', 'shopping', 'printed', 'men', 'white', 'tshirt', 'fashiontrends', 'fashionstyle', 'printedmen', 'whitetshirt', 'menfashion', 'menstyle', 'collection', '']"
"['woman', 'sport', 'jacket', 'armani', 'jean', 'sale', 'check', 'store', 'detail', 'sportswear', 'fashionblogger', 'fashiontrends', 'designerwear', 'myconabu', 'jacket', 'hurry', 'stock', 'last', '']"
"['prettygarden', 'woman', 'summer', 'casual', 'deep', 'v', 'neck', 'fashionstylist', 'woman', 'jewellry', 'womanfashion', 'clothe', 'clothes', 'fashion', 'fashionblogger', 'womenstyle', 'fashiontrends', 'amazonseller', 'amazondeals', 'amazonbestseller', 'amazonprime', 'accessory', 'accessory', 'usa']"
"['hanging', 'friend', 'disguised', 'party', 'nailed', 'outfit', 'everyone', 'love', 'heartjacking', 'ledmask', 'lightupmask', 'mask', 'customizable', 'programmable', 'accessory', 'led', 'party', 'halloween', 'horror', 'event', 'partytime', 'costume', 'autumn', 'fashiontrends', 'accessory', 'fashion', '']"
"['automet', 'woman', 'casual', 'plaid', 'shacket', 'shirt', 'fashionstylist', 'woman', 'jewellry', 'womanfashion', 'clothe', 'clothes', 'fashion', 'fashionblogger', 'womenstyle', 'fashiontrends', 'amazonseller', 'amazondeals', 'amazonbestseller', 'amazonprime', 'accessory', 'accessory', 'usa']"
"['tiffany', 'amp', 'co', 'round', 'cut', 'solitaire', 'diamond', 'engagement', 'ring', 'dress', 'clothes', 'clothesline', 'fashionstylist', 'woman', 'jewelrydesigner', 'jewelrydesign', 'fashion', 'fashionblogger', 'fashioninspiration', 'womenstyle', 'fashiontrends', 'accessory', 'accessory', 'jewellry', 'usa']"
"['rani', 'pink', 'organza', 'silk', 'saree', 'worn', 'aditi', 'rao', 'hydari', 'beautiful', 'aditiraohydari', 'aditirao', 'silksaree', 'fashion', 'fashiontrends', 'aditiraohydari', '']"
"['tamannaah', 'bhatia', 'look', 'stunning', 'monochromatic', 'patterned', 'top', 'tamannaahbhatia', 'tamannaah', 'bollywood', 'bollywoodactress', 'fashion', 'fashiontrends', 'tamannaahspeaks', '']"
"['5', 'trendy', 'way', 'break', 'monotony', 'amp', 'ace', 'mismatched', 'trend', 'read', 'mismatched', 'mismatchedoutfits', 'fashion', 'fashiontrends', 'style', 'outfitoftheday', 'outfit']"
"['really', 'cute', 'kuromi', 'look', 'kuromi', 'kuromiaesthetic', 'kuromiandmymelody', 'kuromioutfit', 'kuromicore', 'sanrio', 'hellokitty', 'purple', 'offwhite', 'offwhiteshoes', 'backpack', 'fashion', 'fashioninspo', 'fashioninspiration', 'fashiontrends', 'outfit', 'outfit', 'outfitinspiration', 'outfitinspo', 'style', '']"
"['look', 'fabric', 'wow', 'ruth', 'holding', 'court', 'aline', 'skirt', 'pocket', 'templeofgeek', 'templeofgeekchic', 'geekfashion', 'nerd', 'nerdlife', 'nerdgirl', 'fashion', 'fashionnova', 'fashiondesigner', 'fashionista', 'fashionaddict', 'fashiontrends', 'amazonfashion', 'amazondeals', 'cosplay', 'boun', '']"
"['fall', '2022', 'wishlist', 'fashiontrends', 'fall2022fashiontrends', 'via', 'youtube', 'fallstyle', 'fallfashion', 'newyoutube', 'newvideo']"
"['fall', '2022', 'wishlist', 'fashiontrends', 'fall2022fashiontrends', 'via', 'youtube', 'smallyoutuber', 'smallyoutubercommunity', 'youtuber', 'bewyoutuber', 'fallfashion', 'fashioncreator']"
"['pushup', 'jean', 'lifting', 'effect', '2800', 'free', 'delivery', 'order', 'get', 'gt', 'apparel', 'fashionaddict', 'fashiontrends', 'luxurystoress', '']"
"['woman', 'long', 'sleeve', 'crop', 'top', 'handcrafted', 'cotton', 'french', 'terry', 'styled', 'distressed', 'edge', 'relaxed', 'fit', 'womensstyle', 'fashiondaily', 'fashiontrends', 'fashionoutfits', 'womensfashionstyle', 'womenstyleguide', 'styleaddict', 'fashiongoals', 'croptop', 'fallcollection', '']"
"['', 'finally', 'trench', 'coat', 'season', 'ready', 'never', 'take', 'mine', 'check', 'alltime', 'faves', 'fallfashion', 'autumnfashion', 'trenchcoat', 'fashiontrends', 'london', 'strolling', 'fall', 'autumn', '']"
"['purple', 'hit', 'fashion', 'fashionable', 'fashionaddict', 'fashionblogger', 'fashionbloggers', 'fashiongram', 'fashionicon', 'fashioninspo', 'fashionista', 'fashionistas', 'fashionlove', 'fashionlovers', 'fashionpost', 'fashionstyle', 'fashiontrends', 'hit', 'instafashion', 'purple', '']"
"['naira', 'shopping', 'stylogue', 'printed', 'round', 'neck', 'tshirt', 'fashiontrends', 'stylogueprinted', 'roundnecktshirt', 'fashionstyle', 'fashionista', 'collection2022', '']"
"['satin', 'blouse', 'distressed', 'denim', 'perfect', 'shop', 'instore', 'online', 'wfree', 'shipping', 'allinspired', 'johnscreek', 'blouse', 'top', 'fallfashion', 'fallstyle', 'fashiontrends', 'ootd', 'outfit', 'whattowear', 'weekendstyle', 'boutiquestyle', 'shoplocal', 'shopsmall', '']"
"['azorte', 'everyday', 'street', 'wear', 'look', 'feel', 'breezy', 'hint', 'urban', 'dash', 'natural', 'whole', 'lot', 'bohemian', 'streetwear', 'bohemian', 'urban', 'forfashionfirsts', 'fashionneostore', 'fashion', 'style', 'fashiontrends', '']"
"['many', 'statement', 'bag', 'style', 'headed', 'way', 'weve', 'got', 'deets', 'covetable', 'trend', 'fashion', 'fashiontrends', 'streetstyle', 'streetfashion', 'bag', 'streetwear', 'resellumnews', 'bagstrends', 'trendalert', 'fw2023', 'trends2023', '']"
"['update', 'fall', 'wardrobe', 'stylempower', 'style', 'fashion', 'fashiontrends', 'fallfashiontrends', 'fallfashionupdate']"
"['brand', 'trending', 'right', 'top', '5', 'brand', 'dry', 'cleaned', 'september', '2022', 'fashiontrends', 'fallfashion', 'falltrends', '']"
"['born', 'shine', 'arent', 'fashiontrends', 'ootdfashion', 'boutique', 'online', 'fashioninspo', 'retailtherapy', 'outfit', 'outfitinspo', 'onlineshopping', 'fashion', 'fashiondaily', 'womensfashion', 'coachmalaysia', 'malaysianps', 'handbagcoachmalaysia', 'coachoriginal', 'toryburchmalaysia', '']"
"['free', 'pair', 'fashion', 'shopping', 'fashiontrends', 'crocs', 'shoppingideas', 'croctober', 'footwear', 'oh_women', '']"
"['plussized', 'beauty', 'india', 'fashion', 'fashiontrends', 'india', 'oh_women', '']"
"['interested', 'crafting', 'custom', 'printed', 'fabric', 'symplico', 'print', 'design', 'select', 'choice', 'fabric', 'size', 'get', 'design', 'fabric', 'fashion', 'home', 'decor', 'creative', 'purpose', 'link', 'bio', 'indianhandloom', 'fashiontrends', 'kutchprints', '']"
"['fashion', 'enthusiast', 'gateway', 'break', 'fashion', 'standard', 'create', 'something', 'box', 'choose', 'design', 'print', 'fabric', 'quantity', 'choice', 'indianhandloom', 'fashiontrends', 'kutchprints', 'indianfabrics', 'customizedprinting', 'fabricprinting', '']"
"['dewy', 'skin', 'fresh', 'haircut', 'jasmin', 'bhasin', 'clicked', 'outside', 'salon', 'jasminbhasinjb', 'fashion', 'fashiontrends', 'bollywood', 'actress', 'jasminbhasin', '']"
"['whatsapp', 'gt', '917655889434', 'catalog', 'nameunique', 'woman', 'woman', 'handbag', 'set', 'material', 'pu', 'multipack', '4', 'dispatch', '23', 'day', 'easy', 'return', 'available', 'onlineshop', 'onlineshopping', 'uniquewomen', 'handbagsset', 'pu', 'fashionstyle', 'fashiontrends', 'fashionista', '']"
"['men', 'hoodie', 'looney', 'tune', 'check', 'store', 'item', 'fashionstyle', 'fashiontrends', 'hoodies', 'myconabu', 'sale', 'buy', 'today', '']"
"['surbhi', 'chandna', 'enchanted', 'crowd', 'scorching', 'outfit', 'looking', 'lovely', 'backless', 'net', 'top', 'surbhichandna', 'fashion', 'fashiontrends', 'serialactress', 'surbhichandna', '']"
"['kick', 'summer', 'right', 'new', 'lady', 'viper', 'floral', 'sovietdenim', 'realpeoplerealdenim', 'ss22', 'retrovibesandsummerhighs', 'besoviet', 'fashion', 'motivation', 'insta', 'fashionlover', 'fashiontrends', 'fashiongram', 'fashionable', 'fashionpost', 'confidence', 'happy', '']"
"['create', 'fashion', 'statement', 'feel', 'trendy', 'feel', 'authentic', 'dm', 'call', '081', '760', '9164', 'fashion', 'pretoria', 'johannesburg', 'style', 'styleblogger', 'fashionable', 'shopping', 'fashionstyle', 'dress', 'outfit', 'beauty', 'stylish', 'lifestyle', 'southafrica', 'fashiontrends', 'lovefnb', 'heatwave', 'africa', '']"
"['rhea', 'chakraborty', 'currently', 'positive', 'confident', 'extremely', 'dynamic', 'rheachakraborty', 'fashion', 'fashiontrends', 'bollywood', 'bollywoodactress', '']"
"['create', 'fashion', 'statement', 'feel', 'trendy', 'feel', 'authentic', 'dm', 'call', '081', '760', '9164', 'fashion', 'pretoria', 'johannesburg', 'style', 'styleblogger', 'fashionable', 'shopping', 'fashionstyle', 'dress', 'outfit', 'beauty', 'stylish', 'lifestyle', 'southafrica', 'fashiontrends', 'lovefnb', 'heatwave', '']"
"['holla', 'squad', 'discount', 'need', 'holla', 'clothing', 'clothingstore', 'clothingbrand', 'fashionstyle', 'fashion', 'fashiondesigner', 'fashiontrends', 'fashionblogger', 'fashionaddict', 'fashionblog', 'ncaafootball', 'highschoolfootball', 'nfl', 'gameday']"
"['', 'catch', 'flight', '1019', 'clothing', 'fashiondesigner', 'fashiontrends', 'fashionblogger', 'glamour', 'glamourmodel', 'elegant', 'elegance', '']"
"['holla', 'squad', 'discount', 'need', 'holla', 'clothing', 'clothingstore', 'clothingbrand', 'fashionstyle', 'fashion', 'fashiondesigner', 'fashiontrends', 'fashionblogger', 'fashionaddict', 'fashionblog', 'ncaafootball', 'highschoolfootball', 'nfl', 'gameday']"
"['', 'catch', 'flight', '1019', 'clothing', 'fashiondesigner', 'fashiontrends', 'fashionblogger', 'glamour', 'glamourmodel', 'elegant', 'elegance', '']"
"['holla', 'squad', 'discount', 'need', 'holla', 'clothing', 'clothingstore', 'clothingbrand', 'fashionstyle', 'fashion', 'fashiondesigner', 'fashiontrends', 'fashionblogger', 'fashionaddict', 'fashionblog', 'ncaafootball', 'highschoolfootball', 'nfl', 'gameday']"
"['', 'catch', 'flight', '1019', 'clothing', 'fashiondesigner', 'fashiontrends', 'fashionblogger', 'glamour', 'glamourmodel', 'elegant', 'elegance', '']"
"['weepinlee', 'woman', 'long', 'sleeve', 'round', 'neck', 'party', 'dress', 'fashionstylist', 'woman', 'womanfashion', 'clothe', 'clothes', 'fashion', 'fashionblogger', 'womenstyle', 'fashiontrends', 'amazonseller', 'amazondeals', 'amazonbestseller', 'amazonprime', 'accessory', 'accessory', 'usa']"
"['get15', 'new', 'user', 'dresslily', 'check', 'awesome', 'fashion', 'clothes', 'clothesforsale', 'clothesline', 'clothesshop', 'fashionstylist', 'woman', 'fashion', 'fashionblogger', 'fashioninspiration', 'womenstyle', 'fashiondaily', 'fashiontrends', 'womensfashionstyle', 'usa', 'uk']"
"['btfbm', 'woman', 'casual', 'long', 'sleeve', 'ruched', 'wrap', 'dress', 'fashionstylist', 'woman', 'jewellry', 'womanfashion', 'clothe', 'clothes', 'fashion', 'fashionblogger', 'womenstyle', 'fashiontrends', 'amazonseller', 'amazondeals', 'amazonbestseller', 'amazonprime', 'accessory', 'accessory', 'usa']"
"['stay', 'ahead', 'trend', 'bag', 'predicted', 'trending', 'spring', '2023', 'fashiontrends', 'handbag']"
"['like', 'excited', 'welcome', 'fashionlook', 'fashiontrends', 'outlet', 'milanfashion', '']"
"['claim', 'fame', 'ludovicabizzaglia', 'pacorabanne', '___', 'creatormarketing', 'influencermarketing', 'socialmedia', 'fame', 'pacorabanne', 'fragrance', 'fashion', 'fashiontrends', 'paris', 'luxuryfashion', '']"
"['love', 'new', 'men', 'luxury', 'micro', 'pave', 'iced', 'cubic', 'zirconia', 'cross', 'pendant', 'necklace', 'fashion', 'charm', 'jewelry', 'tennnis', 'chain', 'u', '3338', 'ootd', 'womenstyle', 'fashiontrends', 'newcollection', 'tshirtstore', 'streetstyle', '']"
"['woman', 'wallet', 'book', 'matriarch', 'woman', 'woman', 'art', 'fashiondesigner', 'fashiontrends', 'accessory', 'handmade', 'wallet', 'womenswallets', 'wallettime', 'pocketbook', '']"
"['modifed', 'love', 'ep', 'track', 'number', 'four', 'model', 'candy', 'link', 'bio', 'fashion', 'style', 'modeling', 'photography', 'fashionblogger', 'art', 'inspiration', 'vogue', 'weekendvibe', 'lifestyle', 'fashiontrends', 'styleblogge', 'spotify', 'musicproducer', 'deephouse', 'techhouse', 'theeveningafter', '']"
"['dolce', 'gabbana', 'trendy', 'fashion', 'design', 'fashion', 'fashionstyles', 'fashiontrends', '']"
"['', 'whatsapp', 'u', '1', '786', '3274369', 'fulfillment', 'fulfillmentcenter', 'miami', 'onlineshopping', 'shopify', 'etsy', 'walmart', 'amazon', 'usa', 'ecommerce', 'ecommercebusiness', 'amazon', 'amazonfba', 'amazonfbaseller', 'wholesale', 'onlinearbitrage', 'viralvideo', 'viral', 'prepcenter', 'fba', '']"
"['', 'whatsapp', 'u', '1', '786', '3274369', 'fulfillment', 'fulfillmentcenter', 'miami', 'onlineshopping', 'shopify', 'etsy', 'walmart', 'amazon', 'usa', 'ecommerce', 'ecommercebusiness', 'amazon', 'amazonfba', 'amazonfbaseller', 'wholesale', 'onlinearbitrage', 'viralvideo', 'viral', 'prepcenter', 'fba', '']"
"['', 'whatsapp', 'u', '1', '786', '3274369', 'fulfillment', 'fulfillmentcenter', 'miami', 'onlineshopping', 'shopify', 'etsy', 'walmart', 'amazon', 'usa', 'ecommerce', 'ecommercebusiness', 'amazon', 'amazonfba', 'amazonfbaseller', 'wholesale', 'onlinearbitrage', 'viralvideo', 'viral', 'prepcenter', 'fba', '']"
"['vidaxl', 'bathroom', 'furniture', 'set', 'white', 'sonoma', 'oak', 'chipboard', 'bathroom', 'furniture', 'set', 'bathroomfurnituresets', 'furnituresets', 'furniture', 'addtocart', 'ecommerce', 'trendi']"
"['', 'whatsapp', 'u', '1', '786', '3274369', 'fulfillment', 'fulfillmentcenter', 'miami', 'onlineshopping', 'shopify', 'etsy', 'walmart', 'amazon', 'usa', 'ecommerce', 'ecommercebusiness', 'amazon', 'amazonfba', 'amazonfbaseller', 'wholesale', 'onlinearbitrage', 'viralvideo', 'viral', 'prepcenter', 'fba', '']"
"['taxco', 'sterling', 'silver', 'vintage', 'flower', 'brooch', 'pendant', 'smallbusiness', 'sharkyswaters', 'ecommerce', 'broochesandpins', '']"
"['shopcek', 'worldefnet', 'project', 'look', 'good', 'future', 'ws_damar', 'mrdanz0', 'undefeatedx01', 'worldefnet', 'ecommerce', 'shopcek', 'shpc', 'bitcoin', 'ethereum', 'bnb']"
"['multi', 'coloured', 'wooden', 'trinket', 'drawer', 'household', 'drawer', 'organiser', 'insert', 'householddrawerorganiserinserts', 'storageorganisation', 'householdsupplies', 'homegarden', 'addtocart', 'ecommerce', 'trendin']"
"['make', 'ecommerce', 'copywriting', 'salesready', 'fine', 'tune', 'ecommerce', 'copywriting', 'ecommerce', 'copywriting', 'marketing']"
"['tropical', 'sun', 'peanut', 'butter', 'added', 'sugar', '454g', 'box', '12', 'nut', 'butter', 'nutbutters', 'dipsspreads', 'fooditems', 'foodbeveragestobacco', 'addtocart', 'ecommerce', 'trending', 'shopify']"
"['listen', 'outsource', 'ecommerce', 'order', 'fulfillment', 'ecommerce', 'podcast']"
"['hey', 'gorgeous', 'festival', 'ready', 'explore', 'beauty', 'handloom', 'shop', 'saree', 'sareetwitter', 'odisha', 'houseofbrands', 'handloom', 'trending', 'fashion', 'beautiful', 'vocalforlocal', 'chooseone', 'ecommerce', 'retail', '']"
"['important', 'amazon', 'seller', 'etsy', 'business', 'ecommerce', 'seller', 'tiktok', 'advertisement', 'target', 'worldwide', 'tiktokads', 'agency', 'account', 'get', 'japanesegp', 'rhop', 'gpexplorer', 'xrpusd', 'extremerules', 'xrpcommunity', 'arsliv', '']"
"['childrens', 'sterling', 'silver', 'lilac', 'flower', 'screw', 'back', 'earring', 'earring', 'earring', 'jewellerywatches', 'clothingaccessories', 'addtocart', 'ecommerce', 'trending', 'shopify', 'marketp']"
"['weller', 'cypb', 'wheated', 'bourbon', 'american', 'whisky', '75cl', '475', 'whisky', 'whisky', 'liquorspirits', 'alcoholicbeverages', 'beverage', 'foodbeveragestobacco', 'addtocart', 'ecommerce', 'trending']"
"['consumer', 'singapore', 'malaysia', 'lego', 'product', 'delivered', 'doorstep', '30', 'minute', 'thanks', 'asia', 'quick', 'commerce', 'pioneer', 'foodpanda', 'retail', 'ecommerce', 'delivery', 'quickcommerce', '']"
"['ecommerce', 'market', 'driver', '1', 'rising', 'penetration', 'internet', 'smartphones', '2', 'growing', 'usage', 'social', 'medium', 'social', 'commerce', '3', 'growth', 'omnichannel', 'business', 'model', '4', 'advancement', 'multiple', 'payment', 'mode', '']"
"['woman', 'summer', 'stretchy', 'denim', 'short', 'back', 'bandage', 'skinny', 'sexy', 'short', 'short', 'short', 'clothing', 'clothingaccessories', 'addtocart', 'ecommerce', 'trending', 'shopify']"
"['india', 'beauty', 'ecommerce', 'platform', 'selling', 'organic', 'amp', 'natural', 'brand', 'get', '2m', 'funding', 'make', 'beauty', 'retail', '']"
"['im', 'fiverr', 'level', '1', 'seller', 'need', 'logo', 'go', 'link', 'order', 'logotype', 'minimalist', 'logodesign', 'logoinspirations', 'novak', 'fashion', 'ecommerce', 'jesus', 'karl', 'chivas', 'needlogo', 'twitch', 'wooyoung', 'nazi', 'horror', 'nikita', 'arteta', 'saka', 'nunez', '']"
"['kitchen', 'sink', 'part', '3', 'manage', 'feed', 'ecommerce']"
"['im', 'fiverr', 'level', '1', 'seller', 'need', 'logo', 'go', 'link', 'order', 'logotype', 'minimalist', 'logodesign', 'logoinspirations', 'novak', 'fashion', 'ecommerce', 'jesus', 'karl', 'chivas', 'needlogo', 'twitch', 'wooyoung', 'nazi', 'horror', 'nikita', 'arteta', 'saka', 'nunez', '']"
"['im', 'fiverr', 'level', '1', 'seller', 'need', 'logo', 'go', 'link', 'order', 'logotype', 'minimalist', 'logodesign', 'logoinspirations', 'novak', 'fashion', 'ecommerce', 'jesus', 'karl', 'chivas', 'needlogo', 'twitch', 'wooyoung', 'nazi', 'horror', 'nikita', 'arteta', 'saka', 'nunez', '']"
"['dsquared2', 'wood', 'eau', 'de', 'toilette', 'spray', '100', 'ml', 'woman', 'perfume', 'amp', 'cologne', 'perfumecologne', 'cosmetic', 'personalcare', 'healthbeauty', 'addtocart', 'ecommerce', 'trending', 'shopify']"
"['reuters', 'im', 'fiverr', 'level', '1', 'seller', 'need', 'logo', 'go', 'link', 'order', 'logotype', 'minimalist', 'logodesign', 'logoinspirations', 'novak', 'fashion', 'ecommerce', 'jesus', 'karl', 'chivas', 'needlogo', 'twitch', 'wooyoung', 'nazi', 'horror', 'nikita', 'arteta', 'saka', 'nunez', '']"
"['theeconomist', 'im', 'fiverr', 'level', '1', 'seller', 'need', 'logo', 'go', 'link', 'order', 'logotype', 'minimalist', 'logodesign', 'logoinspirations', 'novak', 'fashion', 'ecommerce', 'jesus', 'karl', 'chivas', 'needlogo', 'twitch', 'wooyoung', 'nazi', 'horror', 'nikita', 'arteta', 'saka', 'nunez', '']"
"['bsindia', 'mihirssharma', 'im', 'fiverr', 'level', '1', 'seller', 'need', 'logo', 'go', 'link', 'order', 'logotype', 'minimalist', 'logodesign', 'logoinspirations', 'novak', 'fashion', 'ecommerce', 'jesus', 'karl', 'chivas', 'needlogo', 'twitch', 'wooyoung', 'nazi', 'horror', 'nikita', 'arteta', 'saka', 'nunez', '']"
"['cgtnofficial', 'im', 'fiverr', 'level', '1', 'seller', 'need', 'logo', 'go', 'link', 'order', 'logotype', 'minimalist', 'logodesign', 'logoinspirations', 'novak', 'fashion', 'ecommerce', 'jesus', 'karl', 'chivas', 'needlogo', 'twitch', 'wooyoung', 'nazi', 'horror', 'nikita', 'arteta', 'saka', 'nunez', '']"
"['im', 'fiverr', 'level', '1', 'seller', 'need', 'logo', 'go', 'link', 'order', 'logotype', 'minimalist', 'logodesign', 'logoinspirations', 'novak', 'fashion', 'ecommerce', 'jesus', 'karl', 'chivas', 'needlogo', 'twitch', 'wooyoung', 'nazi', 'horror', 'nikita', 'arteta', 'saka', 'nunez', '']"
"['ontime', 'delivery', 'absolute', 'ecommerce', 'seller', 'customer', 'want', 'know', 'order', 'processed', 'itll', 'arrive', 'thats', 'speed', 'communication', 'amp', 'personalization', 'key', 'factor', 'meeting', 'delivery', 'expectation', 'consumer', 'onlineorderdelivery', '']"
"['4', 'reason', 'worth', 'start', 'online', 'business', 'read', 'full', 'article', 'ecommerce', 'onlinebusiness', 'blogging']"
"['discount', 'coupon', 'try1mby1moct2022eco', 'hello', 'entrepreneur', 'accelerate', 'startup', 'udemy', 'course', 'build', 'ecommerce', 'startup', 'learn', 'put', 'one', 'step', 'entrepreneurial', 'journey', 'ecommerce', 'startup', 'udemy', '']"
"['look', 'creative', 'medium', 'used', 'promotion', 'checkout', 'app', 'install', 'app', 'marketing', 'advertising', 'affiliate', 'business', 'influencer', 'referral', 'coupon', 'ecommerce', '']"
"['important', 'amazon', 'seller', 'etsy', 'business', 'ecommerce', 'seller', 'tiktok', 'advertisement', 'target', 'worldwide', 'tiktokads', 'agency', 'account', 'get', 'japanesegp', 'rhop', 'gpexplorer', 'xrpusd', 'extremerules', 'xrpcommunity', 'arsliv', '']"
"['', 'metaverseflipkart', 'india', 'ecommerce', 'giant', 'cooperates', 'meta', '0xpolygon', 'launch', 'metaverse', 'flipve']"
"['listen', 'creating', 'iconic', 'customer', 'experience', 'symbiotic', 'relationship', 'content', 'commerce', 'ecommerce', 'podcast']"
"['jo', 'malone', 'earl', 'grey', 'amp', 'cucumber', 'eau', 'de', 'cologne', '30ml', 'spray', 'perfume', 'amp', 'cologne', 'perfumecologne', 'cosmetic', 'personalcare', 'healthbeauty', 'addtocart', 'ecommerce', 'trending', 'shopify']"
"['initial', 'letter', 'l', 'vintage', 'tie', 'tack', 'gemstone', 'chip', 'smallbusiness', 'ecommerce', 'sharkyswaters', 'vintage', '']"
"['2022', 'upgrade', 'unisex', 'warming', 'heated', 'vest', 'dropshipping', 'facebookads', 'shopify', 'ecommerce', '']"
"['important', 'amazon', 'seller', 'etsy', 'business', 'ecommerce', 'seller', 'tiktok', 'advertisement', 'target', 'worldwide', 'tiktokads', 'agency', 'account', 'get', 'japanesegp', 'rhop', 'gpexplorer', 'xrpusd', 'extremerules', 'xrpcommunity', 'arsliv', '']"
"['uncovering', 'opportunity', 'model', 'based', 'enterprise', 'jennifer', 'herron', 'face', 'business', 'apple', 'podcast', 'dpistulka', 'exityourway', 'business', 'manufacturing', 'ecommerce', '']"
"['listen', 'disrupt', 'ecommerce', 'omnichannel', 'marketing', 'ecommerce', 'podcast']"
"['thrifters', 'flock', 'goodwill', 'store', 'able', 'serious', 'treasure', 'hunting', 'online', 'goodwill', 'get', 'serious', 'national', 'online', 'shop', 'thrifters', 'via', 'npr', 'retail', 'ecommerce', 'thriftstores']"
"['500', 'click', 'worldwide', 'organic', 'google', 'website', 'traffic', 'advertising', 'ecommerce', 'ecommercemarketing', '']"
"['holo', 'hololead', 'holoerp', 'erp', 'erpsystem', 'erpcloud', 'erpsoftware', 'crm', 'po', 'accounting', 'ecommerce', 'businesssoftware', 'emailmarketing', 'smsmarketing', 'chatbot']"
"['write', 'ecommerce', 'business', 'plan', 'startup', 'business', 'ecommerce', 'marketing', 'planning', 'management', 'entrepreneur', 'target', 'audience', 'knowledge', 'organization', 'tycoonstoryco', 'tycoonstory2020', 'wpmetcom', 'yourstoryco', 'mydukaanapp', 'ecommerceceo', '']"
"['calvin', 'klein', 'truth', 'eau', 'de', 'parfum', 'spray', '100', 'ml', 'woman', 'perfume', 'amp', 'cologne', 'perfumecologne', 'cosmetic', 'personalcare', 'healthbeauty', 'addtocart', 'ecommerce', 'trending', 'shopify']"
"['maximize', 'efficiency', 'text', 'marketing', 'campaign', 'follow', '11', 'tip', 'blog', 'post', 'shopping', 'holidayretail', 'retailnews', 'supportlocal', 'womenowned', 'sale', 'marketingstrategy', 'sportsbiz', 'ecommerce', 'smsmarketing', 'pizza', 'etsy', 'sm', '']"
"['turn', 'sale', 'lifetime', 'revenue', 'ecommerce', '']"
"['ecommerce', 'affiliate', 'marketing', 'common', 'strategy', 'increasing', 'sale', 'generating', 'online', 'revenue', 'benefit', 'brand', 'affiliate', 'marketer', 'ecommerce', 'affiliatemarketing', '']"
"['giorgio', 'beverly', 'hill', 'red', 'eau', 'de', 'toilette', 'spray', '50', 'ml', 'woman', 'perfume', 'amp', 'cologne', 'perfumecologne', 'cosmetic', 'personalcare', 'healthbeauty', 'addtocart', 'ecommerce']"
"['leo', 'universe', 'electronics', 'amp', 'digital', 'store', 'prestashop', '16', 'amp', '17', 'theme', 'animationsandowlcarousel', 'bestprestashopframework', 'ecommerce', 'gadgetsampdigital', 'headphone', 'hitech', 'leotheme', 'materialandtools', 'prestashop', 'prestashop17template']"
"['perception', 'ecommerce', 'easy', 'automate', 'step', 'entrepreneurship', 'hard', 'dtc', 'different', 'ready', 'commit', '3', '']"
"['funland', 'class', '11122528', 'lighting', 'heating', 'reg', '847631', 'rustrademark', 'sale', 'designed', 'amazon', 'seller', 'trademark', 'amazon', 'fba', 'brand', 'branding', 'ecommerce', 'logo', 'design', 'intellectualproperty', 'trademarkregistration', 'lighting', 'heatingvehicles', 'car', 'drone', 'mo', '']"
"['japanese', 'erikas', 'clefairy', 'listed', 'store', 'along', 'ton', 'card', 'japanese', 'erika', 'gym', 'leader', 'hero', 'challenge', 'set', 'collectible', 'basic', 'pocket', 'monster', 'pokemon', 'tcg', 'trading', 'card', 'game', 'ebay', 'store', 'resale', 'reseller', 'thrift', 'find', 'flip', 'hustle', 'ecommerce', '']"
"['amazon', 'seller', 'obtain', 'reactivation', 'account', 'violating', 'someone', 'copyright', 'read', 'rosenbaum', 'amp', 'segall', 'pc', '18779735537', 'amazon', 'amazonprime', 'amazonfba', 'amazonseller', 'ecommerce', '']"
"['magnetic', 'mini', 'gps', 'trackerlast', 'day', '50', 'dropshipping', 'facebookads', 'shopify', 'ecommerce', '']"
"['listen', 'beat', 'goliath', 'marketing', 'secret', 'dominate', 'today', 'ecommerce', 'podcast']"
"['glenfiddich', '30', 'year', 'old', 'single', 'malt', 'scotch', '70cl', '43', 'whisky', 'whisky', 'liquorspirits', 'alcoholicbeverages', 'beverage', 'foodbeveragestobacco', 'addtocart', 'ecommerce', 'trending', 'shopify']"
"['renie', 'class', '3354144', 'cosmetic', 'beauty', 'reg', '662717', 'rustrademark', 'sale', 'designed', 'amazon', 'seller', 'trademark', 'amazon', 'fba', 'brand', 'branding', 'ecommerce', 'logo', 'design', 'obiwan', 'strangerthings4', 'goodfriday', 'cosmetic', 'beautyperfume', 'fashionamazon', 'trademark', '']"
"['one', 'important', 'way', 'tree', 'service', 'company', 'increase', 'visibility', 'reach', 'potential', 'customer', 'content', 'marketing', 'business', 'ecommerce']"
"['sportlabs', 'class', '2535', 'clothing', 'shoe', 'reg', '620001', 'rustrademark', 'sale', 'designed', 'amazon', 'seller', 'trademark', 'amazon', 'fba', 'brand', 'branding', 'ecommerce', 'logo', 'design', 'intellectualproperty', 'cloting', 'shoe', 'apparel', 'fashionclass_35_advertising_business', '']"
"['keep', 'watchful', 'eye', 'ecommerce', 'trend', '']"
"['serpentine', 'gemstone', 'vintage', 'screw', 'back', 'earring', 'smallbusiness', 'ecommerce', 'sharkyswaters', 'vintageearrings', '']"
"['buying', 'dip', 'swaggerusa1', 'bitcoin', 'ethereum', 'solana', 'stockmarket', 'spy', 'tsla', 'aapl', 'cryptotwitter', 'nfts', 'dogecoin', 'ecommerce', 'deal']"
"['designing', 'bot', 'facebook', 'create', 'develop', 'chatbot', 'business', 'chatbot', 'money', 'webmarketing', 'ecommerce', 'marketing']"
"['transferred', 'first', '3d', 'digitaltwin', 'week', 'visitor', 'bought', '1', '36', 'physical', 'item', 'reselling', 'use', 'case', 'utility', 'think', 'blast', 'experiment', 'immersivecommerce', 'ecommerce', '']"
"['join', 'awesome', 'tool', 'give', 'opportunity', 'find', 'golden', 'product', 'sell', 'ecommerce', 'blink', 'eye', 'use', 'coupon', 'minex2gshop451', '15', 'first', 'month', 'winwin', 'dropshipping', 'logistics', 'retail', 'warehouse', 'viral']"
"['community', 'spoken', 'paypal', 'zelle', 'smallbusiness', 'smallbiz', 'smallbusinessowner', 'fintech', 'cybersecurity', 'ecommerce', 'commerce', 'merchant', 'etsyseller', '']"
"['listen', 'million', 'dollar', 'button', 'hire', 'agency', 'ecommerce', 'expert', 'ecommerce', 'podcast']"
"['200', 'youtube', 'view', 'advertising', 'ecommerce', 'ecommercemarketing', '']"
"['east', 'coast', 'nursery', 'changing', 'mat', 'essential', 'red', 'spot', 'gin', 'gin', 'liquorspirits', 'alcoholicbeverages', 'beverage', 'foodbeveragestobacco', 'addtocart', 'ecommerce', 'trending', 'shopify', 'mark']"
"['dm', 'u', 'webhosting', 'hosting', 'wordpress', 'domain', 'webhostingservices', 'webhostingcompany', 'web', 'vps', 'wordpresshosting', 'websitehosting', 'webhostingprovider', 'cloudhosting', 'sharedhosting', 'ecommerce', 'server', 'domainname', 'domain', 'cloud', '']"
"['personalised', 'ipswich', 'town', 'fc', 'street', 'sign', 'mouse', 'mat', 'mouse', 'pad', 'mousepad', 'computeraccessories', 'electronicsaccessories', 'electronics', 'addtocart', 'ecommerce', 'trending', 'shopify', 'marke']"
"['solving', 'erp', 'selection', 'implementation', 'challenge', 'sam', 'gupta', 'face', 'businessthe', 'face', 'business', 'blog', 'dpistulka', 'exityourway', 'business', 'manufacturing', 'ecommerce', '']"
"['get', 'follower', 'pinterest', 'howtodo', 'ad', 'advertisement', 'businessanalyst', 'create', 'ecommerce', 'follower', 'googleanalytics', 'pinterest', 'sale', 'website']"
"['ejon', 'electronics', 'ecommerce', 'html', 'template', 'bootstrap', 'catalog', 'ecommerce', 'ecommerce', 'electronics', 'envytheme', 'gadgetsshop', 'onlinestore', 'partsshop', 'refrigerator', 'retail', 'shop', 'shopping', 'shoppingtemplate', 'sitetemplates', 'store', 'themeforest']"
"['improved', 'product', 'option', 'woocommerce', 'addonoptions', 'codecanyon', 'customoptions', 'customproduct', 'customvariation', 'ecommerce', 'ecommerce', 'extraoptions', 'extraproductoptions', 'pricefields', 'product', 'productattributes', 'productchoices']"
"['listen', '20', 'expert', 'ecommerce', 'retail', 'need', 'follow', 'ecommerce', 'podcast']"
"['retailer', 'organizing', 'buying', 'group', 'harder', 'manufacturer', 'maintain', 'profit', 'margin', 'retail', 'retailindustry', 'ecommerce', 'competitiveadvantage', 'profitmargin', 'marketshare', 'marketinsight', 'businessdevelopment', 'distribution', 'manufacturing', 'producer']"
"['want', 'learn', 'ecommerce', 'join', 'free', 'unleashedteam', 'ecommerce', 'webinar', 'series', 'october', '11th', '12pm', 'aest', '2pm', 'nzst', 'register', 'ecommerce', 'webinar', 'business', 'software', '']"
"['mango', 'wood', 'round', 'flower', 'life', 'ashcatcher', 'incense', 'stick', 'amp', 'cone', 'burner', 'incense', 'incense', 'candleshomefragrances', 'decor', 'homegarden', 'addtocart', 'ecommerce', '']"
"['ebooks', 'major', 'business', 'attraction', 'marketer', 'ebooks', 'zapinventory', 'ecommerce', 'marketingindustry', 'latestupdates', '']"
"['wallmounted', 'tv', 'cabinet', '2', 'pc', 'high', 'gloss', 'black', 'engineered', 'wood', 'gin', 'gin', 'liquorspirits', 'alcoholicbeverages', 'beverage', 'foodbeveragestobacco', 'addtocart', 'ecommerce']"
"['green', 'agate', 'gemstone', 'vintage', 'charm', 'bracelet', 'smallbusiness', 'ecommerce', 'sharkyswaters', 'imitationpearl', '']"
"['choose', 'creativity', 'amp', 'rest', 'travel', 'outfit', 'onepiece', 'lifestyle', 'quote', 'wedding', 'ecommerce', 'reel', 'travelphotography', 'تصميم', 'instagood', 'ootd', 'photography', 'art', 'streetstyle', 'summer', 'design', 'fashion', 'food', 'gym', 'healthylifestyle', 'jungkook', 'kpop', 'change', 'viral', '']"
"['basin', 'ceramic', 'rectangular', 'black', '41x30x12', 'cm', 'bathroom', 'basin', 'bathroombasins', 'sink', 'plumbingfixtures', 'plumbing', 'hardware', 'addtocart', 'ecommerce', 'trending', 'shopify', 'marketplace']"
"['literacy', 'rate', 'world', '70', 'data', 'literacy', '01', 'check', 'link', 'kirkdborne', 'technology', 'chatbots', 'edtech', 'ecommerce', 'tech', 'education', 'model', 'datascientist', 'artificialintelligence', 'ai', 'communication', 'data', 'data', 'dataanalytics', '']"
"['graphic', 'designer', 'graphic', 'project', 'logo', 'maker', 'thumbnail', 'business', 'card', 'website', 'fast', 'reponse', 'travel', 'outfit', 'onepiece', 'lifestyle', 'quote', 'wedding', 'ecommerce', 'reel', 'travelphotography', 'ysl', 'instagood', 'ootd', 'photography', 'art', 'streetstyle', 'summer', 'design', '']"
"['4', 'critical', 'step', 'creating', 'profitable', 'online', 'business', 'kimanzic', 'via', 'addictd2success', 'ecommerce']"
"['matter', 'business', 'youre', 'need', 'learn', 'marketing', 'onlinebusiness', 'businness', 'marketingtwitter', 'entrepreneur', 'onlinemarketing', 'digitalmarketing', 'smallbusiness', 'marketing', 'businessowner', 'ecommerce', '']"
"['settle', 'social', 'medium', 'company', 'work', 'vacuum', 'call', 'u', '8883053876', 'email', 'infofranchisesuccessteamcom', 'let', 'talk', 'marketing', 'partnership', 'today', 'franchisor', 'entrepreneur', 'franchise', 'ecommerce', '']"
"['looking', 'elementor', 'expert', 'go', 'link', 'get', 'info', 'ecommerce', 'wordpress', 'developer', 'business', 'business', 'elementorexert', 'elementorwebsite', 'wordpresswebsite', 'wordpressdeveloper', 'elementorproexpert', 'elementorwebsite', 'wordpre', '']"
"['technical', 'michigan', 'becoming', 'center', 'u', 'battery', 'manufacturing', 'ecommerce', 'techseoboost', 'business', 'via', '']"
"['personalised', 'christmas', 'toadstool', 'santa', '3', 'piece', 'plastic', 'cutlery', 'set', 'cutlery', 'cutlery', 'tableware', 'kitchendining', 'homegarden', 'addtocart', 'ecommerce', 'trending', 'shop']"
"['radiant', 'ui', 'kit', '200', 'sketch', 'app', 'ecommerce', 'graphictemplate', 'io', 'iostemplate', 'iphone', 'mobiletemplate', 'mobileui', 'qualityuikit', 'sketch', 'smartphone', 'social', 'themeforest', 'uikit', 'uitemplates', 'uicreativenet', 'creative', 'mobile', 'modern']"
"['chocomars', 'multipurpose', 'wordpress', 'theme', 'bakery', 'chocolatewordpresstheme', 'chocomars', 'ecommerce', 'ecommercetheme', 'fashionboutiquestore', 'featuredproducts', 'jewelry', 'responsiveexperts', 'themeforest', 'woocommerce', 'wordpress', 'food', 'shop', 'shopping']"
"['', 'sale', 'domain', 'domainname', 'domainnameforsale', 'startup', 'domainers', 'entrepreneur', 'squadhelp', 'ecommerce', 'business', 'website', 'brand', 'domainforsale', 'market', 'eagle', 'decor', 'homedecor', 'interiordesign', 'design', 'home', 'interior', 'decoration', 'art', 'architecture', '']"
"['woocommerce', 'membership', 'codecanyon', 'ecommerce', 'membership', 'membershipforwoocommerce', 'membership', 'rightpress', 'woocommerce', 'woocommercemembership', 'woocommercememberships', 'wordpress', 'wordpressmembership']"
"['create', 'omnichannel', 'fraud', 'prevention', 'strategy', 'article', 'part', '3', 'series', 'exfraudster', 'alex', 'hall', 'centered', 'around', 'migration', 'ecommerce', 'many', 'merchant', 'employed', 'online', 'retail', 'ecommerce', 'fraudprevention', '']"
"['digita', 'woocommerce', 'parallax', 'theme', 'computer', 'ecommerce', 'electronics', 'mobile', 'responsive', 'responsivedesign', 'responsiveecommerce', 'templatemela', 'themeforest', 'woocomercetheme', 'woocommerce', 'woocommercetemplate', 'wordpress']"
